phase,max_position_drift_m,max_velocity_drift_m_s,max_mass_drift_kg
Phase 1,0.312996152477,0.0044051958631,0.616648457013
Phase 3,3.04034402312,0.00821173688831,0.0336000149837
