dt_s,euler_state_error,rk4_state_error
0.4,0.0048673137996753215,2.708870012121771e-05
0.2,0.0030919962774354787,1.3577480067429246e-06
0.1,0.001707922837860948,7.610058237739192e-08
0.05,0.000893511447811573,4.504917225714444e-09
0.025,0.00045650297594379205,2.740254741867565e-10
0.0125,0.00023066959719970914,1.6896260432441856e-11
