method,slope
Euler,0.9633891026156988
RK4,4.045008208194109
