dt_s,euler_state_error,rk4_state_error
0.4,0.00486731379968,2.70887001212e-05
0.2,0.00309199627744,1.35774800674e-06
0.1,0.00170792283786,7.61005823774e-08
0.05,0.000893511447812,4.50491722571e-09
0.025,0.000456502975944,2.74025474187e-10
0.0125,0.0002306695972,1.68962604324e-11
