phase,max_position_drift_m,max_velocity_drift_m_s,max_mass_drift_kg
Phase 1,0.177185915024,0.00274633503552,0.941249021795
Phase 3,2.11932793042,0.00793938144605,0.0449455296621
