metric,value
growth_rate_s_inv,0.00662289942923
fit_r2,0.906534948648
final_divergence_km,3.81195127771
fit_t_start_s,119.753095777
fit_t_end_s,478.713000368
