nodes,solver_success,status,minimum_fuel_kg,runtime_s
120,1,Converged,4658609.16984,26.5773479939
130,1,Converged,4658606.05273,30.1465659142
140,1,Converged,4658604.49502,30.7644059658
