method,fit_range_dt_max_s,slope,r2
Euler,0.1,1.0663393301011415,0.9993231237494755
RK4,0.1,1.1813532881130002,0.9597073087642891
