method,slope
Euler,0.963389102616
RK4,4.04500820819
